{"Cov_matrix": [[3.906685615734345, 2.6319455150807185, 2.331245939442352], [2.6319455150807185, 2.5572054144270924, 2.056505838788726], [2.331245939442352, 2.056505838788726, 3.755806263150359]], "MU_MAX": 5.236067898271622, "X_C": [4.264467737681402, 4.464467737681401, 3.2644677376814015]}